query_id,doc_id
6791,4171594
8701,5346043
10264,5070732
35996,5568539
36214,7365328
36473,6525435
36703,5846450
36965,6622433
37685,7467815
37952,6676009
38608,7277279
39360,1125552
39908,5186463
43649,6483397
50498,5785688
50833,320952
51090,7395882
78076,2298801
80712,4301471
81945,5704766
84106,3773899
86701,7949389
94798,7067177
118448,6448234
127876,2963050
128772,7403593
129565,3671426
133977,6466736
156566,3491991
156688,2822224
156723,1992215
165116,2736905
165335,4188107
165480,1794737
167371,1051020
169305,308522
174249,901680
193581,1693080
193742,4984284
193866,7400587
193968,4374718
194531,4543158
194750,3953878
194870,3938379
195199,8009378
195440,4350297
195582,7353731
195693,3631400
196111,7368727
196232,446991
196250,2859495
196453,757392
196596,3228026
196720,8669407
196949,4776278
196963,1411749
197024,5622012
197542,8542369
197945,5200465
197964,1791317
198581,7506364
198807,7341214
199177,992005
199572,6464781
199776,625917
199837,5287395
200042,7989047
200296,8497779
201154,842706
201366,8612321
201376,4892700
202006,7727452
202073,3169685
202081,5221859
202797,3404367
202954,2749696
203039,7555487
203274,5695242
203317,5625598
203390,6350325
203458,5052678
203646,7373078
203688,7643475
205107,7081548
205251,2763067
205741,3715853
206117,1664259
206549,8202033
206806,2924547
206819,1963653
207251,3176223
207595,3667190
208145,8256891
208198,2749676
208265,3526262
208339,559857
208411,7610503
208494,7073275
208610,7817967
208822,7674638
209651,199151
209730,1418192
209764,2732521
210442,5734248
210690,5182756
211468,6619254
211621,7373879
211691,7070648
212195,4017872
212236,2812062
212251,3224602
212303,5189372
212435,8583005
212477,1420018
212634,7392104
212796,1946624
212977,5755548
214040,2192457
215603,4477533
217246,6827889
218000,5749798
220087,8807796
220761,3662590
221664,3110545
222158,212386
222954,1666239
223165,6453107
223468,4949701
224314,568779
224548,4346626
224626,4956428
225499,3625379
225752,6998798
226132,4739916
226335,5498052
226461,8076895
226509,8820468
227317,3675255
227591,7137406
227968,1305385
228474,2059294
228738,1733560
229325,4537999
230179,6283462
230725,7737541
230891,5788137
231109,2238705
231292,5891685
231298,1136549
231482,3104374
231717,7661545
231877,3719257
232703,6085990
233904,8829484
234114,4729823
234165,7733801
234388,7573020
234644,5348930
234651,7382002
234821,8536408
235027,6100975
235089,7834221
235534,4465537
235832,6113823
236427,8317325
236580,4899833
236582,7853249
236708,7441140
236801,4629816
236949,3116684
237370,6308201
237373,171969
237561,7306360
237936,5595075
238886,4814460
239189,1015429
239511,5907698
239516,4344818
239648,161054
239830,466698
240584,5569671
241246,6451782
242019,5918864
242061,863144
242103,6168403
242107,4516724
242219,7311863
242863,6435333
243139,1789389
243416,8326816
243712,3367984
243761,6476440
244011,242133
244092,2468894
244821,6509036
244902,4636958
244929,8278437
245120,5671159
245416,8260383
245921,5770375
246626,7297318
247194,3495948
248385,6479985
249118,4205045
249176,6014206
249618,721417
249792,1023101
249821,5843828
250228,720228
250367,5917386
250636,6857183
251172,2222236
251445,3091649
252295,3029270
252632,5736434
253965,6595027
253966,5717767
254652,2034707
255027,5851478
255469,7136414
255633,6367645
256052,5641048
256192,6026608
256783,5999197
257018,6326077
257335,6443438
257772,5505021
257885,7442279
258337,1409489
258485,1030300
259239,3468645
259417,3656696
259763,2231488
259781,7984189
260172,482542
260762,2074859
260853,7817455
261098,7448801
261521,4424495
261650,3757642
261652,5767798
261683,1888140
272047,2945529
281002,4474026
283154,5648323
294518,7395794
295406,7813600
296441,1540953
297019,1968486
298113,5103288
298550,4956957
298565,5465246
300246,6644882
302878,361853
303045,1946068
306806,7368019
307008,868702
313438,7359303
344955,6213196
357519,798272
357664,4514023
382119,2869947
388950,843334
391481,6485274
400696,6379684
425688,2268192
427323,6759423
427532,182033
427730,7920445
431602,386001
455793,4022403
455853,8583148
455862,7429430
456016,317908
456305,533525
456443,8137876
456551,161833
456734,4559725
457622,339642
457714,4871040
457809,7500363
457842,8760390
458064,567550
458110,6554110
458235,945100
458771,4354506
458774,3810338
458885,2307424
459280,4752106
459291,3571092
459481,4191862
459948,3119736
460162,2236596
460403,7411246
461078,2521312
461281,7624295
461491,1314319
461601,988793
462301,7411577
462765,7430864
462979,3659421
463230,3653582
463443,7421597
463635,5890345
464440,6335938
464484,6727537
466162,7616903
466202,391515
466252,7635938
466335,2232739
466640,3451721
466738,393203
466774,7984412
467274,2785460
467597,2500726
467612,7729151
468762,2596807
468907,7681283
469535,7466852
469819,6639694
469873,3376939
470001,630559
470385,7064993
470459,7692482
470611,1468682
470982,5350376
471007,5749619
471197,1861471
471705,1972132
472024,7650812
472359,1929403
472448,7556882
473319,3816847
473361,3825793
473394,8252960
473492,8698105
473886,3571069
473935,6280487
474234,5197803
474419,7668438
474659,5544197
474873,1263753
475402,4143102
476483,1452412
476724,6623955
476807,3864993
476947,7295359
476977,3694925
477100,5676126
477286,7602329
477309,6829249
477380,5073023
477639,3692846
477648,1195744
478054,7606660
478063,7703656
478220,4095326
478295,7530978
478359,2764281
478691,7655212
478827,6728211
478981,7842038
479284,6891307
479379,543240
479525,1467141
479570,7922652
480064,8005362
480504,5557699
480536,3308762
480932,4504264
481297,6124839
481387,6059320
481961,4750643
482496,245115
482808,3030873
483028,8179215
483178,8335013
483241,953872
483795,917146
484551,3643118
485287,3641586
485558,6972040
486274,5869606
486370,6976587
486512,1321934
486623,6865103
487279,8561071
487569,7715093
488198,2035784
488345,2901317
488416,7687391
488676,7462291
488711,3919317
488825,4921338
489374,7472216
489513,8705294
489931,8711773
490505,7809624
490802,8619885
490883,4272405
490903,4878839
491585,751390
492681,6926626
492853,2586837
493508,7512335
493543,271336
494086,7483315
494346,219365
494730,4441007
495018,1384948
495082,3025376
495483,2496707
495680,5334848
496175,4284578
496244,6381253
496276,170360
496717,5022560
497107,3690478
497132,7465243
497470,6476579
497536,7608823
497596,5529335
497757,7526870
498398,5418708
498478,8547304
499068,6172591
499126,7679350
499413,5879350
499568,1331560
499818,7319657
499904,7003504
503390,5081217
503401,6817568
503580,7706676
503607,7707295
503674,4105646
503833,640648
504044,7670234
504306,235417
504335,272950
505107,4831127
505152,7461902
505171,7515983
505541,4567027
505810,6603125
506025,1454398
506438,6259893
506579,3272479
506985,780419
507087,4152441
507381,2795727
507434,8398308
507901,1972043
507934,586800
508104,8155724
508316,1434193
509111,1707002
509114,379596
509730,7152442
510018,6924817
510152,4043066
510158,6635817
510229,848100
510444,5506212
510858,1785423
510867,6836485
510893,6167710
511101,384438
511330,6926715
511367,8330551
511417,7640003
511837,2669597
511861,5810357
512087,2191536
512278,2926526
512405,7215870
512564,41494
512685,5359465
512807,291692
513061,1243325
513397,6931360
513779,6736873
514767,6218339
514851,5252968
515185,3257098
515317,986706
515335,3282746
515573,2853975
515813,1236055
516029,1640493
516413,777689
517085,7539156
517117,4719865
517386,40771
517516,7697792
518940,6604893
519145,7384588
520184,7026458
520627,7604262
520636,7512908
520816,6396380
521018,336284
521402,1559691
521801,3978485
521851,6124288
522076,7567576
522151,742295
522953,5229228
523062,871333
523413,5504555
523621,4791686
523952,8364786
524116,3280593
524166,1104387
525467,7699061
532142,2555414
558046,1964476
558548,609594
559318,1683689
559771,424420
560059,1038092
560357,2688038
560419,7643652
561448,5298263
562594,8566280
563347,8086300
563359,1887797
565915,7821459
567714,7499531
567759,192020
573899,7519291
574051,1355045
574317,7533371
575616,7416273
595236,4995623
605363,7534979
608197,4810333
611152,6956603
617968,4269866
618979,2037807
649640,6553650
675320,8264802
685717,3792338
688218,7644664
694726,5610198
696677,6411911
718112,1199478
718444,6217601
718782,4477211
719411,7998324
719749,1281646
720013,7706962
720261,8495598
721409,1487389
721885,5102455
722352,341829
722413,7531799
722515,6403254
722981,8062297
723144,6628941
723781,488152
724121,7416506
724275,6443579
724410,8126408
724571,3915089
724579,8692161
724680,42902
724733,6853069
724872,2080611
724887,2936017
724947,7169541
725047,7696629
725867,5960653
725951,7140722
726076,3992129
726098,6323699
726614,6289822
727224,1043757
727551,8455635
727699,4552449
727707,5170313
727765,1929016
727779,2698344
728060,7593645
728110,7491700
728150,8089644
728460,723598
728823,4578446
728836,7145634
729173,186215
729697,1012785
730229,7534873
730278,4904008
730626,7677192
731545,7475195
731723,5834555
731736,5652808
731759,927693
731886,8268552
731902,5753924
732288,3489113
732448,30163
732618,6639179
732631,999796
733186,6754194
733422,4794085
733510,7781735
733591,3270776
733692,4161361
733892,1682220
734198,7209282
734426,3860216
734979,6287159
735343,696270
735384,4683095
735387,7483828
735895,7438852
736125,820571
736347,7429620
736713,7442904
737512,1675420
737940,2523153
738162,920102
738165,5792569
738422,8133839
738484,7635194
738525,2387061
738931,7579535
739599,2505772
739671,7467876
739743,1606419
739913,4215482
740263,6187468
740416,5960653
740624,7564765
740762,7430558
740852,8787621
740876,2855391
741267,3110712
741274,3546526
741392,5718088
741970,5463886
741977,1071338
742022,921154
742446,6853747
742667,5895312
742822,2650327
742988,6000231
743046,7427464
743668,550831
743675,6254213
743693,3082601
743696,1147811
743708,2753721
743868,6131613
744092,1154896
744109,5348572
744261,7968209
744764,7538231
744891,5603655
745402,4145815
745469,3865782
745559,6653967
745746,3763633
745794,4886180
745830,8113059
745944,6723243
746055,1253025
746065,2129089
746438,4254699
747345,2179291
747720,8816779
747937,445307
747985,7634139
748054,7506787
748321,6725670
748672,7136559
748771,6131943
748935,1606419
748997,1061594
749244,8456001
749267,2788585
749399,6132585
749752,8128697
749955,7783995
750111,7321469
750421,591040
750487,247641
750821,4808155
750946,1867088
751778,4439992
751797,4673428
752700,7629161
753040,7612276
753071,3879911
753168,8134675
753214,4380120
753299,1329190
753480,8094685
753517,3156250
754113,8549987
754166,8305885
754191,2105390
754509,7113351
754786,7242385
755040,4874332
755093,7419141
755275,5195145
755459,7535735
755465,7453885
756949,7414926
757275,6129660
757511,7432652
758074,7410676
758519,7074006
758720,8777483
758901,412789
758909,3370483
759021,3317453
759062,2847898
759503,7478241
759515,8466313
760070,7698788
760512,7275268
760817,7848739
760908,7864344
761032,8196049
761096,6956310
761388,1284459
761627,3321838
761963,6984486
762059,4501303
762111,2202652
762296,1606419
762558,4999158
762652,75707
762761,7840615
763084,3579078
763619,463395
764139,4162808
764691,7952108
765147,7631434
765512,5363395
765583,4461595
766202,8567593
766238,3529408
766769,2926769
766804,3391431
766808,6937084
767248,3375234
767671,4728583
767745,496471
769630,385829
770167,6470448
770233,5087161
770604,1817027
770894,1445656
771170,6501563
771239,7720845
771314,1980736
771694,5123473
771734,113127
772055,7723103
772928,3138364
773155,1218243
773924,1581748
773998,7754401
774087,5844586
774866,50446
775138,435946
775297,6650790
775343,2222040
775355,8488656
775457,8143484
776080,2134908
776122,4375028
776392,1100831
776465,114231
776517,5629165
776576,1084726
776609,3107131
776700,7868949
777235,7905058
777297,7777243
777519,7209692
777792,5984683
778095,3130873
778139,7746484
778857,7787918
778890,827283
778948,4853809
779475,75372
779553,7624223
779674,5489644
780215,7736091
780297,5741456
780336,7742582
780613,138161
780850,3901236
780993,7194366
781074,7774069
781877,3769396
782079,7835121
782253,54318
782381,8041928
782417,8589271
782426,7834838
782549,7699450
782696,3589641
783098,3653463
783277,7523644
783433,4835650
783602,7738865
783687,1430268
783781,7863235
783822,2049340
783843,4932932
783963,8154890
783981,922010
784549,2390988
784700,602253
784805,1691075
784961,1704901
785176,3936343
785721,5243299
785772,1294768
786009,4988434
786021,1032374
786157,7645184
786375,7903228
792463,3570263
794160,4889124
794319,6935752
801059,522160
818421,7972333
820161,3300819
820267,4608323
820899,1930683
822218,2201197
822642,8260780
823549,5757348
824080,6826478
824282,2845377
824371,1193539
824938,4342223
825147,8602943
825583,7882336
826153,1864355
827791,6689121
827801,213377
828036,2558288
828093,351739
828588,285954
829050,7746183
829087,7952777
830040,1729731
830649,733130
836044,4309912
837467,139883
837681,4537874
837740,1463541
839488,7866004
844658,777761
855029,4660393
862701,6578410
862742,6915308
863187,1606419
863499,2827809
863817,3240285
864905,4205629
865616,7729074
865660,7948050
868953,336697
870422,129668
879869,5342918
904295,7781615
906901,2339281
907334,1796944
909048,6504586
909273,4385273
909506,8654467
912899,4360669
914845,4907844
924398,1777797
932223,7812781
954144,303830
959589,5267474
968004,5176133
968921,4975583
980168,800534
980633,7805479
981006,4562550
981400,7734160
982348,7889629
982481,974227
983438,2409126
983451,4859458
983499,2379581
983543,7739081
983708,1602198
984075,3735093
984178,347885
984434,7842984
984499,2530570
984770,7717538
984856,7295883
984930,4300287
984948,7295782
984992,397962
985158,620990
985165,6066998
985167,2858693
985173,450474
985207,6853274
985259,4029976
985275,5729272
985304,5422955
985360,4901748
985371,339213
985372,3281127
985431,7294729
985433,7294710
985461,5635167
985644,1782579
985653,7897736
985736,5004635
985752,7424729
985905,4546289
986068,4827684
986162,5412588
986197,8716786
986210,8511640
986325,1979692
986411,5331835
986427,24564
986472,3996627
986484,2782276
986494,4403918
986733,5914152
986791,5464739
986793,4675231
986852,8769782
986932,4292383
986935,8231478
986936,2129461
986972,7735236
987066,7291931
987100,3016488
987183,3784597
987192,7224903
987230,4708896
987237,5372108
987309,3068776
987486,8092487
987502,7291173
987567,1693592
987573,4057385
987671,2405964
987791,7805438
987809,2014828
987822,3456133
987823,7290470
987845,4195289
987914,2409126
987978,2409126
988119,5417640
988121,4322586
988122,4504029
988124,6037133
988142,57235
988149,4845021
988169,4809431
988211,7289438
988269,8753215
988294,480451
988306,4138388
988416,7289137
988504,4840494
988512,6153361
988540,173854
988636,1335329
988653,391908
988710,3647256
988742,3662394
988743,7718574
988745,1624465
988787,3657734
988911,3958154
988915,7276043
988954,7730330
988960,2362170
988988,2768230
989042,4638372
989099,7447142
989108,4581014
989213,4643652
989396,8183740
989530,7285994
989543,2481322
989573,3476867
989647,789389
989676,4180715
989831,2317810
989855,7726175
989866,3264795
989870,7285417
989894,6542886
989912,3939720
989963,5348531
989994,6600913
990010,7856462
990026,7285108
990093,7285000
990176,1987389
990197,4189487
990223,6686505
990307,7244004
990345,6621316
990375,7284448
990459,3709831
990481,4064809
990526,1725446
990649,5214745
990763,7729022
990784,7878871
990841,2850365
990852,8351090
990995,7283346
991032,7078175
991044,3464728
991064,2543313
991079,2261481
991111,6147199
991138,833260
991171,7282855
991207,6823563
991240,7821344
991324,6911517
991342,4196276
991364,7282338
991383,5972710
991419,7887305
991471,8337078
991590,1736584
991598,3275095
991662,6672762
991685,120973
991748,2901631
991761,420467
991762,3847934
991782,2401650
991832,3679404
991854,5037250
991894,7797464
991938,3579781
992120,8163242
992184,2187613
992191,8716126
992193,3519193
992224,2083011
992257,429040
992340,3490423
992363,8687552
992365,7193165
992367,1114444
992383,7769750
992433,8510466
992531,8057885
992535,869105
992559,4022086
992605,1426161
992652,349002
992659,7279285
992660,544525
992729,4748745
992757,8613572
992802,7279029
992839,2245335
992840,8043513
992869,1039261
992946,7278581
992949,3133667
992950,7497551
993041,288451
993107,1019118
993153,5560910
993174,2409126
993178,5884395
993234,929865
993255,7002828
993320,7904881
993492,2350526
993501,5157053
993544,7372461
993606,5978480
993627,7127512
993651,6817967
993748,4193951
993795,6354823
993821,1705992
993834,1619676
993876,6345258
993883,5266328
993987,3908068
993996,1833309
994005,7276240
994012,8269346
994070,7275953
994085,3866244
994087,469436
994112,1961275
994133,85434
994228,1748692
994311,7876793
994338,721647
994397,8131137
994449,1151105
994478,4575114
994479,3786090
994533,7274995
994582,7930006
994688,6839747
994792,2864037
994830,5666054
994867,7274572
994918,5654776
994941,5024929
994947,1587697
995029,5410539
995125,1033445
995141,2326809
995176,6586058
995212,7505953
995221,2778259
995280,2825509
995380,7273891
995443,5139438
995526,3028289
995576,6819846
995595,8743939
995598,125011
995756,7273319
995789,1695832
995805,155415
995806,459385
995825,8339770
996011,690977
996042,7945165
996054,4382574
996119,6912795
996181,1882107
996272,2709964
996317,4915976
996328,2468346
996414,3582106
996623,6351528
996634,8190502
996653,1337856
996805,5303379
996825,6728590
996835,1927592
996922,3146658
997017,3672687
997044,6062180
997086,1192190
997122,3920117
997227,7270358
997351,5952473
997449,5902241
997481,2755026
997533,2429562
997542,7477118
997648,3938443
997649,946064
997713,5255948
997744,7269446
997808,2308702
997860,7139148
997872,4374184
997878,1965733
997913,2409126
997935,3400383
998013,513644
998062,2345090
998093,4364326
998101,626473
998174,8141375
998192,2149665
998246,3332436
998247,545707
998248,3523533
998309,6296355
998381,3216736
998417,2843890
998482,5031170
998485,7268023
998493,3734655
998569,7267839
998591,7267817
998609,6062400
998641,2920168
998646,7267602
998658,5432293
998675,7313156
998680,2753791
998681,1167782
998735,3786262
998802,4550813
998834,7776303
998891,945550
998903,2409126
998905,1161632
998941,2022842
998965,803256
999028,6996649
999086,5080245
999089,7266164
999110,1851541
999192,3960749
999261,1560002
999356,865562
999385,1358962
999391,4209266
999416,6086089
999439,4821517
999469,7265345
999481,8680138
999517,1349213
999518,6298855
999550,1691160
999552,7721716
999555,371412
999567,7265116
999610,8252899
999637,7827600
999641,7957985
999685,5522822
999691,2456188
999756,3200505
999791,3009406
999836,2761485
999897,3304080
999921,2066868
999942,383322
1000000,6727655
1000004,4537048
1000006,1617127
1000017,1636049
1000030,5432210
1000083,9570
1000097,7844851
1000170,344079
1000232,6464091
1000272,7263749
1000319,6480487
1000459,5399273
1000472,3228336
1000509,7936833
1000519,5123013
1000574,1928050
1000585,6616305
1000619,2183427
1000678,4075446
1000681,5016429
1000798,4112380
1000864,2582073
1000906,6715454
1000951,4836878
1000959,1108381
1001108,4009962
1001279,4243607
1001381,8694348
1001397,7261904
1001454,7261846
1001810,3216180
1001903,6014596
1001926,5354054
1001981,3440747
1001999,6386381
1002058,7261053
1002145,5233236
1002148,991078
1002197,3277243
1002238,6229867
1002252,5458187
1002274,7260602
1002330,3777483
1002426,8196725
1002482,8627096
1002554,6798355
1002584,4108101
1002585,4950783
1002596,2723246
1002716,2206277
1002737,4970953
1002887,7805259
1002889,6838150
1002938,4544205
1002940,8120391
1002997,2272713
1003003,2021431
1003006,3552306
1003015,8228837
1003114,6040682
1003210,4377824
1003213,3584162
1003239,760976
1003277,469331
1003299,5936328
1003319,6357646
1003329,3252036
1003334,4810461
1003351,8189485
1003359,5574883
1003445,4890005
1003481,6980757
1003482,1281695
1003507,6886497
1003557,8020858
1003561,1215324
1003590,5312123
1003603,412022
1003695,2370091
1003831,436455
1003849,2782797
1003875,970279
1003880,5022249
1003884,4731395
1003973,7672919
1003997,3766334
1004167,7256225
1004191,7256143
1004199,4916815
1004228,2707499
1004233,7256070
1004240,6094980
1004243,7255969
1004254,2553768
1004322,6978398
1004493,2534531
1004921,7286475
1004940,6626251
1004949,6593613
1005113,6163554
1005131,7255023
1005163,6670930
1005191,3217292
1005475,7838681
1005476,6217738
1005500,2618252
1005520,7393986
1005586,934959
1005653,1636013
1005678,6916074
1005798,1589536
1005949,5933431
1006000,788519
1006199,4017461
1006459,3676806
1006489,8766267
1006509,7253087
1006578,7430732
1006580,2603107
1006751,7252703
1006791,7883590
1006852,7029267
1006911,3551049
1006987,6326058
1007242,7939352
1007382,983839
1007550,7601231
1007606,3094146
1007628,4113080
1007673,7971649
1007691,7251254
1007696,6011527
1007875,7558722
1007934,6914125
1007959,8546115
1007972,987148
1008208,1713843
1008515,198647
1008516,3068957
1008830,1666939
1008911,7249792
1008947,4454720
1008951,1054944
1008968,3534494
1008977,7083365
1008979,7249524
1009023,7249330
1009109,7764421
1009183,8267013
1009237,8316319
1009388,7248821
1009527,8700757
1009610,7248441
1009668,4981664
1009695,4381556
1009724,7640920
1009742,643803
1009749,4869201
1009959,904889
1009961,5346091
1009994,8170549
1010048,3429079
1010057,1405201
1010059,7512053
1010151,7247656
1010173,150993
1010277,3680814
1010287,7754267
1010524,3476984
1010527,3770016
1010537,7787767
1010607,3128207
1010615,2039586
1010670,7247034
1011003,2526658
1011018,4359959
1011021,4668675
1011044,1374243
1011120,8537669
1011140,3604677
1011166,1779254
1011328,7668640
1011381,3651764
1011382,4385966
1011512,338891
1011529,7924322
1011618,7454933
1011663,6905208
1011721,363742
1011811,847605
1011860,13973
1012026,4099320
1012328,3122876
1012329,2381144
1012464,8339344
1012547,2003442
1012780,5431686
1012865,4613311
1012866,5507189
1013114,3891855
1013229,6741420
1013267,5973537
1013304,2798847
1013367,884858
1013424,3665355
1013492,1303766
1013570,1323096
1013579,5431683
1013592,2500676
1013615,6903041
1013797,8179282
1013965,509825
1014115,3338293
1014132,6043246
1014210,3652237
1014242,7792225
1014264,5905154
1014884,4083422
1014911,6298080
1015055,1720083
1015307,4509094
1015347,7844680
1015556,435621
1015641,5628584
1015766,5796764
1016013,6612923
1016015,7239766
1016154,6187359
1016254,5345890
1016406,5544359
1016460,7239316
1016547,2436992
1016565,7239175
1016583,2986718
1016676,7238811
1016703,7935834
1016790,6496758
1016879,593868
1016915,8770032
1016943,7027737
1017204,5546629
1017276,6777382
1017348,4817713
1017476,6028072
1017498,6884071
1017524,5081103
1017529,7237572
1017537,1887938
1017605,7237410
1017692,7856844
1017706,7083195
1017734,1406668
1017773,5446671
1017775,749651
1017830,7987462
1017892,4626321
1017952,170275
1017971,7562434
1018032,7236940
1018056,1367692
1018525,5173508
1018658,2704608
1018807,3068232
1018918,5409920
1019179,868794
1019200,1117519
1019356,3442791
1019405,310789
1019414,3638646
1019433,4366853
1019470,4941050
1019602,1015930
1019705,5319724
1019724,6951611
1019787,6662817
1019830,3667087
1020198,7233495
1020244,4553556
1020376,1197370
1020710,6704264
1020724,5092594
1020907,5851116
1020915,17063
1021053,7232243
1021065,3891977
1021170,6295081
1021241,7649791
1021277,3705472
1021318,7231969
1021324,4509661
1021327,3003433
1021446,6841428
1021532,2544700
1021554,2452267
1021605,7858001
1021639,7713994
1021679,2085219
1021682,7030140
1021695,7884805
1021797,3931862
1021900,8467808
1021907,3512184
1021931,2996914
1021971,385553
1022022,7230746
1022124,3453184
1022132,2768599
1022178,4673612
1022359,3764453
1022370,7230094
1022410,291494
1022442,2598
1022577,7931311
1022620,7229779
1022621,116021
1022630,8682010
1022712,3973230
1022735,2183813
1022769,4464316
1022782,6176186
1022832,7981629
1022907,5492858
1022911,3714604
1023025,3456478
1023363,7819889
1023782,8421547
1023838,1732452
1023850,4760096
1024034,6908029
1024069,1979907
1024166,7227704
1024176,8027346
1024221,1801029
1024288,478823
1024300,7227479
1024305,4155582
1024528,5075460
1024591,4867244
1024592,1662040
1024667,4037221
1024669,2689009
1024672,7468443
1024727,4509093
1024835,7226567
1024893,4336087
1024904,1122820
1024950,7904302
1025188,1729080
1025259,6117329
1025270,5457204
1025290,2280712
1025348,2753017
1025483,4591263
1025624,7225391
1025714,615645
1025801,5782019
1025895,2445015
1025991,1889490
1026098,7833813
1026148,1194834
1026372,7818005
1026711,2337661
1026768,471444
1026775,7204606
1026799,3349522
1026991,5435686
1027178,7223169
1027209,3491900
1027373,2477105
1027650,7222759
1027669,6561913
1027785,8032878
1027812,5234420
1027817,5063574
1027865,4571033
1027919,7222345
1028098,7224319
1028131,8462245
1028538,7221661
1028555,4240714
1028598,2201363
1028608,3524269
1028652,4765782
1028670,1661725
1028711,7221258
1028742,2693391
1028753,6792566
1028755,240391
1028796,2720879
1029003,6787860
1029016,3324346
1029030,7815324
1029031,8095819
1029058,488871
1029124,3739273
1029181,586600
1029402,2215327
1029492,1749003
1029544,4246030
1029552,7907659
1029617,4500624
1029681,7724274
1029694,205479
1029772,4337489
1029791,3283485
1029908,1062985
1029909,8791445
1030176,7218058
1030215,5361132
1030230,1697916
1030271,6811319
1030324,7217871
1030378,875136
1030381,4238173
1030388,3642497
1030446,5308932
1030451,7217518
1030617,2390581
1030623,207366
1030722,3844757
1030823,8158874
1030924,5458956
1031032,4258977
1031033,4945609
1031047,1187901
1031054,3935909
1031118,4452522
1031240,4119436
1031456,7917899
1031679,6675814
1031682,1690182
1031684,545215
1031861,5306399
1031909,5636613
1031976,6675686
1031999,7854865
1032011,4191200
1032019,2053279
1032156,7794800
1032182,245414
1032198,7214524
1032281,1068304
1032341,3190691
1032758,1349360
1032822,2408380
1033007,7213201
1033092,5904195
1033205,7212849
1033250,8796493
1033296,7212633
1033398,8558980
1033443,2395646
1033580,7848597
1033652,7086400
1033703,7204602
1033718,7125821
1033725,975291
1033759,6700409
1033912,3990156
1033927,7212238
1033962,6553043
1034039,2770066
1034050,4194229
1034136,7211404
1034172,2575411
1034204,8652365
1034409,6821550
1034666,617062
1034680,2049167
1034761,103423
1034845,225021
1035006,3168486
1035078,7209822
1035228,7755704
1035247,7188164
1035321,7209410
1035367,782092
1035379,8827171
1035383,7209267
1035410,6110097
1035719,8190624
1035805,4379872
1035861,7968463
1035874,5070206
1035931,2141401
1036002,6774218
1036005,7208253
1036244,8557585
1036380,5741751
1036385,379471
1036542,4722773
1036627,175418
1036656,5565831
1036675,7735635
1036782,7206753
1036784,5788049
1036800,3141179
1036999,5161913
1037033,8373945
1037104,4829281
1037116,4004884
1037188,3859672
1037250,6294635
1037302,2480349
1037341,1609555
1037373,7170272
1037407,4300641
1037662,4385383
1037686,7948019
1037689,2012683
1037722,5521318
1037781,3453739
1037817,7140791
1037826,5070677
1037872,5849905
1037881,8587499
1038161,7204740
1038184,92440
1038527,508191
1038592,592800
1038678,3945137
1038685,3660605
1038719,7761888
1038724,4458344
1038755,2468219
1038830,6041567
1038849,2700796
1038871,6656123
1038879,200590
1039002,1370454
1039052,4841437
1039195,2700195
1039298,1825353
1039346,7150259
1039361,8820208
1039495,5985337
1039521,1500493
1039586,7721048
1039728,2779762
1039746,7523924
1040022,3694190
1040030,7202098
1040038,3607510
1040064,2493652
1040082,6777201
1040088,1095805
1040099,7201618
1040238,6547992
1040312,4261300
1040353,7974492
1040409,339586
1040461,7545237
1040507,2332635
1040532,6565255
1040684,1071261
1040694,3002502
1040703,1377501
1040793,7200385
1040848,2919424
1040959,7200217
1041043,22212
1041050,7952240
1041146,7951482
1041159,2014095
1041226,518317
1041473,858692
1041520,7119835
1041703,7531376
1041714,4512781
1041753,7836019
1041924,7938161
1041948,3015288
1041951,4051026
1042099,7315033
1042158,7198653
1042364,4112726
1042426,7198141
1042488,7920033
1042507,4730413
1042626,3797610
1042676,7893016
1042752,1020597
1042800,2910034
1042978,8385041
1043064,7197436
1043337,491635
1043413,3359710
1043545,7170079
1043568,6072735
1043587,7872003
1043658,5734698
1043702,8608496
1043815,4777136
1043914,5229620
1043955,1335996
1043969,2191319
1043995,4009044
1044041,7828625
1044244,6751559
1044249,6244496
1044755,8599354
1044809,3740238
1045071,6203070
1045072,7296579
1045135,4326489
1045203,7754574
1045208,536158
1045227,7194252
1045229,7448942
1045347,2193366
1045374,2658537
1045494,7193571
1045527,7193474
1045540,6675939
1045554,3768881
1045567,7193368
1045709,8083315
1045717,1619591
1045826,4567424
1045853,7192790
1045855,160269
1046042,6669931
1046047,1978693
1046093,7192366
1046161,8408124
1046384,8112107
1046387,4355670
1046463,6415179
1046475,4763258
1046520,5314253
1046567,4857120
1046569,1950219
1046648,1808714
1046736,5522962
1046750,6180972
1046931,3317386
1046952,3219280
1046969,4037731
1047010,654799
1047012,2144104
1047088,6870554
1047138,7190276
1047152,2191405
1047160,2297227
1047162,3413621
1047269,6314136
1047365,4640836
1047386,7189774
1047548,7140008
1047556,5292012
1047592,7927455
1047599,5158141
1047625,4056088
1047629,7445562
1047642,7189248
1047662,72161
1047700,5239899
1047702,4091876
1047708,2015819
1047738,1489994
1047794,6911852
1047833,6515909
1047843,7009060
1047854,3582672
1047913,7188499
1047917,8542834
1047987,7188335
1048185,7188028
1048281,3751158
1048282,7187824
1048303,736725
1048359,5378738
1048361,3969410
1048363,3151560
1048377,1758876
1048381,1256164
1048565,7816764
1055921,3981131
1063607,6969525
1080229,7721015
1080968,6599925
1081321,8756064
1082377,7146130
1082701,8146886
1083293,7138841
1083642,7968209
1083686,6945588
1083704,8381446
1083839,3943280
1083926,8080719
1083952,7132769
1083997,7132370
1084905,5648243
1085035,4885112
1085697,6670326
1085888,2768136
1086391,2908688
1086477,7109833
1086933,1110157
1087001,5251881
1087532,8076734
1087589,4283924
1087735,6521674
1087915,1547011
1088043,7096464
1088153,7095568
1088347,6897626
1088947,1037403
1089670,6286532
1090291,3832602
1090311,986706
1090358,6435512
1090377,8001367
1090399,3019187
1090413,384764
1090537,879803
1090550,7988403
1090558,97175
1090596,3348378
1090727,5123905
1090730,77498
1090789,3148667
1090796,7968817
1090887,4095472
1090915,5354837
1091080,7944739
1091082,1392799
1091158,3707401
1091189,489474
1091206,7933346
1091269,6728433
1091384,4907568
1091461,1188019
1091633,6321124
1091692,6900756
1091706,6981337
1091850,7879759
1091973,7870707
1092029,5761113
1092422,8046331
1092441,2471312
1092450,7181351
1092517,7823629
1094395,1732479
1097885,633737
1097939,6102651
1098806,8387983
1099077,7288774
1099105,1463706
1099495,4776015
1099726,5552327
1099746,7229202
1099803,3729425
1099823,7221128
1099831,1732815
1101531,6135726
