query_id,doc1_id,doc2_id
6791,7660585,117278
8701,7990420,3261547
10264,7791854,7717624
35996,2308156,2413564
36214,8323662,8323663
36473,85363,3228996
36703,7996780,779862
36965,7314116,7314112
37685,7609917,7609925
37952,4071248,7403874
38608,3089779,4030713
39360,6339166,5636977
39908,2263890,8327100
43649,7648216,7648212
50498,172406,7551261
50833,3977875,6424655
51090,7395888,7395884
78076,7242981,229442
80712,7771198,1559217
81945,8003442,8003441
84106,2300107,7523424
86701,6066667,7104971
94798,7067183,7067184
118448,2000773,6857873
127876,8019257,7075540
128772,7403593,1071276
129565,7323244,3500184
133977,2273402,3319137
156566,6064681,7342677
156688,4220699,7259551
156723,6083002,5922980
165116,7041205,7041201
165335,7173765,8828569
165480,7610110,135373
167371,304877,7552908
169305,361238,7994286
174249,901682,5804542
193581,7407452,7407451
193742,7365970,6562776
193866,6804467,1692073
193968,6808975,7807600
194531,7311484,637220
194750,6613662,1773866
194870,7701062,7701061
195199,8009380,2068218
195440,2173778,7364278
195582,7353730,7353736
195693,4172685,5468699
196111,7368721,7368722
196232,461258,7224495
196250,8001617,8001619
196453,7359988,2387056
196596,7393590,6864247
196720,7826078,8669407
196949,1121638,2596388
196963,7904864,6141453
197024,7296936,7296933
197542,7987271,7987267
197945,5200465,6473304
197964,4517115,3551965
198581,7191674,7191676
198807,7341207,3967887
199177,7298308,7298315
199572,5773286,7341480
199776,5984724,5984728
199837,7999095,7999088
200042,3649773,3130319
200296,7983822,5249570
201154,7368314,7368317
201366,7364246,5143248
201376,7068066,7068068
202006,7727452,3538191
202073,5999333,4382700
202081,7741853,7741852
202797,2207493,3404367
202954,7307671,8456303
203039,4892014,4892011
203274,7953939,7953940
203317,7579485,7579479
203390,7923305,788709
203458,5335560,7607738
203646,7373078,1213853
203688,2647270,1732926
205107,3263204,4437802
205251,8004132,8004128
205741,4292521,4292517
206117,7072160,7072154
206549,1454158,6134053
206806,1427084,5185797
206819,8000384,8000386
207251,7342507,7342508
207595,6565881,5099134
208145,8351302,7831936
208198,7751820,7751818
208265,7850328,6616549
208339,7334480,8182046
208411,4174739,1141411
208494,5077228,924874
208610,7644143,7644145
208822,7674638,8717212
209651,6769496,199153
209730,5144014,1418197
209764,2278040,5295862
210442,8337745,8552985
210690,7317776,5761691
211468,4185518,7057462
211621,5549846,5563430
211691,7070648,7070645
212195,7370138,1400101
212236,7355638,3262668
212251,7563952,861703
212303,7840107,8200145
212435,6267449,1596783
212477,7516555,7516554
212634,2272771,4451752
212796,7637191,6090915
212977,7726166,7726163
214040,3414309,8199500
215603,7322225,8000343
217246,269952,389038
218000,7303793,1771261
220087,3144467,1246987
220761,6001084,5414141
221664,7544960,1199998
222158,7355838,7887937
222954,5556597,5417117
223165,2021367,2021370
223468,7339073,7339076
224314,7767013,8245338
224548,7867216,2572073
224626,2162071,7296711
225499,8172549,1003071
225752,6050705,8089437
226132,7379818,3061129
226335,7423656,7423657
226461,1494577,8786977
226509,7438868,542718
227317,8108062,7437005
227591,8389738,1824260
227968,1790326,5090883
228474,4049279,7566330
228738,2586353,5662279
229325,7329577,5624201
230179,6003357,5745781
230725,7737541,7737547
230891,174188,1270976
231109,8820262,3888441
231292,7329657,7329653
231298,7671964,7671965
231482,7503785,7503786
231717,7661546,6663510
231877,7680305,7680300
232703,7359238,4952409
233904,7653164,6455955
234114,7728987,7728988
234165,7733801,3771159
234388,7933098,7933097
234644,7400415,7400408
234651,7323191,6868987
234821,6195015,3015638
235027,7357193,7357197
235089,7314292,1127282
235534,2111395,7354200
235832,7526125,7298521
236427,7849645,6570978
236580,2433627,8106239
236582,1542131,5459011
236708,6450108,3638364
236801,7755957,4046677
236949,7373463,3580329
237370,6168708,1394957
237373,5132016,5022842
237561,3465982,3465983
237936,4381803,8036584
238886,2237895,2237898
239189,1015433,3947979
239511,1518118,3273274
239516,7002207,3074769
239648,161048,161054
239830,7370517,4328092
240584,5569671,2643208
241246,6347360,6347358
242019,2676414,458162
242061,5191884,863144
242103,8268234,2712163
242107,6591469,92150
242219,2022494,7311863
242863,2495372,2037371
243139,1991649,1902418
243416,1912503,733958
243712,8502397,8502394
243761,904464,8438858
244011,704643,895410
244092,2468891,3987789
244821,3453822,4005330
244902,4898229,7216715
244929,7702808,7981071
245120,7553653,925809
245416,4202319,3008943
245921,5770375,3761631
246626,7297318,5832854
247194,7335803,3495941
248385,8281622,4992805
249118,5838943,6515262
249176,5808157,937567
249618,384314,4548923
249792,5746025,1023101
249821,7989670,6006595
250228,5505608,5515239
250367,4207450,4207454
250636,5682662,7397315
251172,3226587,3226594
251445,2113988,7368267
252295,2975704,1785021
252632,722100,722098
253965,1225604,7376574
253966,5297913,7744494
254652,2679487,1790640
255027,4784957,3723724
255469,7136414,6441630
255633,1175023,6367645
256052,1591525,7805147
256192,2732753,3817361
256783,3789859,7854515
257018,5835102,5299894
257335,465152,6948907
257772,6699790,4660098
257885,8480853,556160
258337,841896,7727433
258485,6926683,6926681
259239,7345082,6423214
259417,8315930,7345546
259763,2231488,8476622
259781,7984189,7935553
260172,5690186,3942706
260762,8312211,2074859
260853,1106299,8433804
261098,7448800,7448805
261521,912996,5531738
261650,5161889,5161890
261652,5767800,8269420
261683,1888140,6797138
272047,5682982,5646644
281002,5765222,4960470
283154,3514134,3514131
294518,7384740,1887331
295406,7369547,7369552
296441,6921981,6192399
297019,8434862,2994840
298113,1576022,6072828
298550,3793195,8497211
298565,1612084,1294649
300246,792020,4955942
302878,5295099,361857
303045,7484421,8681740
306806,7982363,1407906
307008,1080507,7395731
313438,7359303,6051601
344955,556913,1822669
357519,1537202,212360
357664,4514023,4514028
382119,738742,738740
388950,7611097,7611092
391481,810392,4823678
400696,7662946,6379684
425688,2268194,2730401
427323,8058599,6759423
427532,2279975,6681839
427730,3990841,7931963
431602,386001,6608616
455793,4022408,4022403
455853,2070119,1322016
455862,7215799,7215793
456016,5755218,401245
456305,8648974,6818476
456443,3035203,1585354
456551,1111357,3410518
456734,5939444,4542532
457622,5926141,7453305
457714,6053753,7714166
457809,7702669,7702668
457842,1422750,8032782
458064,7824939,3611381
458110,8192474,8655860
458235,2080414,3606275
458771,7576344,4271026
458774,1009432,2820093
458885,48849,6101890
459280,3921924,2357431
459291,7630761,7630757
459481,1887386,3127294
459948,587808,8072949
460162,2550048,6546678
460403,6938716,7411242
461078,7259135,7576803
461281,7624295,7624296
461491,7478869,5925094
461601,2029077,2029081
462301,2517048,7610636
462765,7430864,7430857
462979,7660167,7660170
463230,7677230,7677238
463443,4655254,6528894
463635,8309902,6454819
464440,6050461,7500594
464484,6569666,6569672
466162,7616901,7616897
466202,7429789,391513
466252,7342945,4258863
466335,7528637,4154068
466640,8533531,5360188
466738,1454085,1454086
466774,7480056,5049736
467274,979296,4397376
467597,635806,2500726
467612,7552919,7552918
468762,6978865,7247113
468907,3678301,914504
469535,7466849,7466852
469819,7613010,2742682
469873,1465983,5100042
470001,3656269,630559
470385,7593320,8572764
470459,7692486,7692482
470611,7435551,5597417
470982,3874453,3874456
471007,7612981,7612984
471197,7672829,6517978
471705,7425697,8713261
472024,7650812,2667907
472359,1929400,6563735
472448,4699385,7556883
473319,7219315,7534939
473361,1466853,4130164
473394,7692143,5331552
473492,3737171,5810609
473886,7786669,1041317
473935,7676222,6074798
474234,7590169,1274310
474419,7668442,7668439
474659,7415337,7415340
474873,3677076,7460928
475402,6893681,5333936
476483,2108156,1254130
476724,8731038,8644987
476807,7459674,4969080
476947,4518621,2842530
476977,3013959,2627144
477100,1544297,7423257
477286,7602332,7602333
477309,7517895,7517897
477380,4794099,4794098
477639,6549777,7491080
477648,6052029,7470601
478054,7606657,7606655
478063,7703656,7703659
478220,7982601,7982599
478295,1744119,6359959
478359,3319805,3319807
478691,2131393,2131396
478827,2004274,8690793
478981,653342,7619129
479284,2225219,934530
479379,1153695,543240
479525,3661320,3492646
479570,2334371,2970507
480064,5306238,7478541
480504,1761762,3288108
480536,1884460,6238348
480932,483907,2885623
481297,7560260,2281639
481387,7561509,6481568
481961,5611842,7533441
482496,5410501,4427901
482808,3085450,7499926
483028,3159424,1747418
483178,1060831,1424970
483241,3357980,6188640
483795,8694680,8694682
484551,7487613,7487615
485287,7446349,7446346
485558,185860,967506
486274,7672367,6052215
486370,4696379,7550411
486512,8751310,6887713
486623,174761,538457
487279,718085,8081946
487569,7715099,1537912
488198,7467933,4964225
488345,7664989,1072603
488416,1339013,2276635
488676,7462296,7462293
488711,2034187,8117361
488825,7602188,7602184
489374,7472221,7472219
489513,697945,697946
489931,7694205,8711773
490505,7509756,7509758
490802,7638467,8619890
490883,7120574,7607072
490903,7632334,7632336
491585,5034863,2225737
492681,5389481,6926627
492853,7404677,7404668
493508,7512329,7512331
493543,2967742,1319783
494086,7269889,7483310
494346,7681684,7681687
494730,5414537,7473338
495018,7650538,1384948
495082,1551805,7219075
495483,5549856,2992103
495680,7434447,7434446
496175,7536291,4284578
496244,555262,6381249
496276,5748847,7436850
496717,7738507,2630569
497107,4619707,7452533
497132,7465243,7465242
497470,5314872,5374602
497536,7608823,5804878
497596,5380308,4497310
497757,7113096,1511150
498398,1470262,6243108
498478,2577979,868095
499068,390276,6172591
499126,7679351,6951075
499413,7712612,5879353
499568,881584,7524405
499818,5931291,479489
499904,249998,7427808
503390,6057028,6132398
503401,8453086,4788078
503580,7706677,7706682
503607,7707295,7707301
503674,7484927,72123
503833,7693127,7693128
504044,7670237,7670234
504306,2383817,2196776
504335,3136303,2057336
505107,7486505,6885784
505152,7572866,7572871
505171,7515978,7515981
505541,4567028,4567034
505810,426550,1779385
506025,1454398,1570069
506438,7953862,154189
506579,7577227,4934746
506985,312673,7147405
507087,4152441,7564656
507381,7454711,7454712
507434,3136485,7036046
507901,8233396,4061579
507934,3372916,7020121
508104,3720665,1592079
508316,6396584,1957503
509111,8008818,3326737
509114,362879,6425202
509730,7529541,7126342
510018,2142667,7994255
510152,813451,2775210
510158,3839092,7206779
510229,7569535,5494650
510444,7535613,3321320
510858,7515899,7515904
510867,7434552,7434551
510893,7716787,4248026
511101,6131138,1109429
511330,4984048,151557
511367,1117578,2200617
511417,7640001,7640007
511837,3359859,5861565
511861,317463,1915307
512087,159724,159721
512278,6156700,3858140
512405,7458120,7458122
512564,7216307,749268
512685,1697027,8239082
512807,2393702,173001
513061,7540752,7540753
513397,7451311,7451303
513779,3070251,3070248
514767,6218339,8614247
514851,8249873,336962
515185,6297494,8255297
515317,771847,5137071
515335,1662043,4024060
515573,7661052,7661054
515813,4232059,3518852
516029,7626410,6128053
516413,2985873,2095188
517085,7539151,7539155
517117,5802053,6315263
517386,7489495,6319868
517516,7697792,4664922
518940,6604893,4785020
519145,2836599,2562616
520184,7533773,2530422
520627,1213925,1309641
520636,7156741,2653886
520816,7485330,1611399
521018,7649223,7649219
521402,7477264,1559697
521801,7610381,7610379
521851,3216511,7587062
522076,7567571,7567576
522151,7688999,1864376
522953,3914163,4610226
523062,8400009,8400005
523413,7417207,7417206
523621,7417942,7494590
523952,7437138,3980891
524116,5706446,5706445
524166,4253402,7688089
525467,7699062,7699064
532142,7612308,7612312
558046,2846514,3358289
558548,2434494,6212593
559318,7636795,7636799
559771,7675081,7675074
560059,7507248,7507252
560357,2136381,6869108
560419,214788,214794
561448,253255,7542509
562594,3172841,1232845
563347,1040356,1040349
563359,7685237,6161187
565915,4264,7990146
567714,7499536,1875717
567759,1265,1258
573899,4792478,4792479
574051,447639,6945606
574317,7533371,7533374
575616,5288466,7416273
595236,6278795,3247720
605363,7534979,7534977
608197,2003866,1339018
611152,7442825,7442823
617968,189004,5584627
618979,7541558,8303109
649640,8083571,1118515
675320,8264802,7627218
685717,7597057,4187227
688218,7644664,7644660
694726,1248484,7135910
696677,5953975,1276700
718112,6639618,891528
718444,6577338,6301611
718782,2039223,6949190
719411,2663927,7415087
719749,7818534,7593982
720013,7186513,2737045
720261,5321700,1448811
721409,3733775,8426361
721885,8745248,1687898
722352,7640072,7640066
722413,7531799,1918070
722515,7543772,6403253
722981,788819,8062297
723144,387762,7756966
723781,178739,3157260
724121,7544215,7416506
724275,4969386,7681652
724410,7250047,8142134
724571,1286385,7645508
724579,6198663,1694233
724680,2683239,7624228
724733,6853069,5764701
724872,7416852,7416850
724887,2000723,6918200
724947,7483117,7483115
725047,7696623,8247709
725867,7186513,2737045
725951,8221250,3989208
726076,2277574,6841134
726098,6956975,6956977
726614,6085617,1352550
727224,7628600,7628597
727551,4844910,8455635
727699,4754624,4754629
727707,2267594,2267590
727765,4453567,1417002
727779,1017162,7570725
728060,7593653,7593647
728110,914669,119358
728150,6008706,7656193
728460,2404157,4579660
728823,7631413,8625073
728836,7646091,7646097
729173,3775263,186220
729697,1258431,2474595
730229,7611390,7611394
730278,8828120,6467653
730626,7677187,7677190
731545,7843939,8070715
731723,2864091,4752697
731736,6888575,3430289
731759,8758735,8758736
731886,7508008,7508004
731902,7514866,3133503
732288,2013022,7653901
732448,4827382,6939703
732618,6639179,1023844
732631,6796477,7423926
733186,7461658,1728576
733422,4180606,6151703
733510,5174692,7031025
733591,8374490,2393399
733692,865515,1922465
733892,5888891,1682220
734198,4084078,2665654
734426,8553641,1390326
734979,7001278,4886417
735343,8357456,6758345
735384,4683095,6102989
735387,1340538,5910161
735895,7438852,5337140
736125,7597940,8442028
736347,7429624,7429625
736713,2488243,3524832
737512,1675422,5928189
737940,1201462,3971460
738162,7165040,7165043
738165,5792569,7430567
738422,5696124,7135354
738484,7635192,2499695
738525,5000538,6375725
738931,7579535,1399441
739599,5540718,2505776
739671,7535968,5357391
739743,7556418,7556410
739913,5087357,296673
740263,6818429,7426148
740416,7659049,7659052
740624,7564763,7564764
740762,7430554,7430557
740852,7601495,7601494
740876,3555331,3555333
741267,7636872,2603031
741274,7603258,7603257
741392,1560146,6815013
741970,5463886,5331066
741977,3313966,7618417
742022,7636343,7504428
742446,6853747,1373940
742667,6871909,1414557
742822,2834715,7964916
742988,6509369,4827220
743046,7427465,7427461
743668,7175397,6758040
743675,7632567,179661
743693,7686512,8353186
743696,8075314,5125127
743708,3854640,7652358
743868,5169507,5169508
744092,6488154,2829714
744109,7575851,5348566
744261,4309307,4500005
744764,8403438,5597434
744891,7783706,7630274
745402,6267099,3105103
745469,3865782,2003646
745559,1555289,5091291
745746,7509001,1393422
745794,7488654,7488653
745830,7412206,7412200
745944,4842632,7895396
746055,101849,7476344
746065,231081,5429238
746438,1592673,2585503
747345,1582390,8640965
747720,7813203,1753881
747937,7504077,445310
747985,2587385,7634137
748054,5562745,7506784
748321,3279260,1679868
748672,839776,8655356
748771,6934836,2719971
748935,2186725,4263813
748997,814344,1061594
749244,7479235,1557126
749267,7507502,7507501
749399,7717015,2098933
749752,3554033,5410339
749955,7783995,7518303
750111,7465489,7465486
750421,591040,6735635
750487,247645,794967
750821,7647983,7647984
750946,4059607,7549097
751778,7467577,7129617
751797,4867423,2506122
752700,7629163,3101743
753040,3688902,845315
753071,5946476,7685953
753168,3573693,4863019
753214,7668488,7668491
753299,8023428,4498222
753480,6890866,166489
753517,3553658,4109317
754113,1529781,1529784
754166,1037255,3643257
754191,7459448,1077006
754509,3964755,8469069
754786,7523677,7242387
755040,7424087,5151931
755093,7419150,7419142
755275,7516885,7516887
755459,7535734,6515048
755465,704833,7252671
756949,7186513,2737045
757275,8069029,7239964
757511,7432652,7432656
758074,7387104,1453624
758519,7595985,4883865
758720,7057197,7340571
758901,412789,7850558
758909,882810,4575287
759021,7707773,3794191
759062,6415334,129471
759503,7478241,7478238
759515,1932366,4204414
760070,2244928,743688
760512,6709020,7275268
760817,3641375,5253995
760908,7864344,7864345
761032,4401902,4701452
761096,7797282,1087437
761388,6498610,7855502
761627,1652433,4142500
761963,4134655,4823692
762059,3869097,7042084
762111,7348590,2202652
762296,7186513,2737045
762558,4999158,4125843
762652,4233387,1462979
762761,7840611,7840610
763084,7954372,2840469
763619,8113342,7867905
764139,1607854,7912163
764691,7186513,2737045
765147,7891978,7891976
765512,7972005,7972009
765583,7919995,7919988
766202,6128374,458431
766238,3579691,1049315
766769,4727651,7772677
766804,7812759,1559231
766808,7518709,7518705
767248,6303862,8072217
767671,4728583,7909275
767745,5464320,3163863
769630,727358,3590347
770167,7850047,1803965
770233,7912483,7912482
770604,1817027,6311929
770894,6789006,6789002
771170,6417047,2503828
771239,7720849,7720846
771314,7406056,386950
771694,7722214,2030128
771734,3492827,3492825
772055,7723108,8769430
772928,3138364,761360
773155,7740643,2633226
773924,2179756,1996091
773998,7754394,7754397
774087,980955,928844
774866,50452,475170
775138,3254617,435946
775297,449599,3413330
775343,6930602,7718631
775355,7873833,7873837
775457,3099762,4755555
776080,8778811,8581206
776122,3684652,7000848
776392,1825832,701078
776465,809717,4851985
776517,7327478,4156673
776576,2844734,251029
776609,1379906,7853036
776700,2060916,2060915
777235,3341476,2044941
777297,7777239,7777241
777519,8698445,242626
777792,5953403,4040481
778095,3130870,921475
778139,7746487,8075428
778857,3802581,7063616
778890,3435608,3435604
778948,7756425,7756424
779475,4035305,1974967
779553,3303406,7624223
779674,7796713,7796711
780215,7736089,8665456
780297,7914651,4308296
780336,5010910,7742588
780613,3333400,2877960
780850,1848303,601695
780993,508024,508023
781074,7973555,6059854
781877,7946356,7946352
782079,7835117,7835115
782253,7697142,8125240
782381,7877215,7877222
782417,1040098,775720
782426,7122076,8043890
782549,7796525,7937170
782696,1825621,3852088
783098,5077951,2717807
783277,7724715,7724716
783433,7727457,211615
783602,724623,724622
783687,7653826,7805734
783781,7863237,3526593
783822,7951987,7951981
783843,7939473,7939475
783963,4213854,166005
783981,454445,8249356
784549,594701,3411390
784700,1266110,2450982
784805,8509469,4971440
784961,1526639,1526642
785176,5557295,7886011
785721,6827975,2247533
785772,8296050,6266240
786009,317144,2790874
786021,946655,3754262
786157,2204344,7645184
786375,7869671,5137666
792463,6343532,1847858
794160,7562566,4889124
794319,5260179,4070120
801059,3639041,4290623
818421,7972340,750385
820161,4905632,7331639
820267,2175900,7218771
820899,7139086,7297769
822218,4676968,2220489
822642,2330189,5109098
823549,4092351,4092347
824080,1313325,7685841
824282,7707801,7707802
824371,7380425,7751275
824938,8363970,2394291
825147,851739,6310481
825583,6973977,766419
826153,716059,716054
827791,4594307,2486001
827801,2432048,1867716
828036,7770552,4483990
828093,7926807,3568801
828588,2249215,954872
829050,1836642,5938881
829087,7964042,7964041
830040,6132826,6380339
830649,5299726,7927878
836044,5562595,4881602
837467,7815103,3198017
837681,7794678,7794677
837740,581537,1856467
839488,8114700,7634094
844658,2043703,8361744
855029,7947061,7964040
862701,3735642,4599013
862742,6876076,6876075
863187,7849422,7849429
863499,3684819,5083553
863817,7953521,2152754
864905,7935019,7935017
865616,7729081,7729077
865660,2116933,4880899
868953,7133254,8638772
870422,7733274,7234381
879869,3090196,6306276
904295,1990734,705486
906901,4827466,3230875
907334,4291695,5439925
909048,3178500,6504586
909273,1535567,360592
909506,8196257,8424783
912899,4983325,4983319
914845,4543473,3111582
924398,5091614,6311585
932223,7812781,7812783
954144,2377450,6473768
959589,8784849,7744393
968004,1888281,1888283
968921,4691323,2646647
980168,7953624,800534
980633,7805486,7805479
981006,1129062,1129060
981400,4483492,1904666
982348,7889620,7889629
982481,3364251,3364246
983438,7768141,7768137
983451,4567172,4567167
983499,4796042,7782270
983543,7739077,7739079
983708,7736248,7736245
984075,3496160,4543811
984178,347878,7439134
984434,4568500,7842981
984499,4219892,2293122
984770,7717540,7717541
984856,7295886,1206470
984930,5570441,2511181
984948,6106492,231225
984992,7295725,2141070
985158,1207549,8092084
985165,7295427,7295423
985167,7295395,2995139
985173,7295344,7078511
985207,6853274,3007422
985259,19014,19013
985275,3951145,4974406
985304,5138044,8579864
985360,4075737,1427567
985371,326143,7294849
985372,7294843,7294838
985431,3007406,1908267
985433,7294710,591734
985461,5166418,7294645
985644,7812170,7812162
985653,7897734,7897736
985736,3922681,5004635
985752,7608376,7294090
985905,7927797,582785
986068,4827684,2606249
986162,5098675,8312226
986197,7293441,8817038
986210,7293387,4222916
986325,7888399,7888398
986411,6442279,5331835
986427,7293038,4788031
986472,387659,7292947
986484,182001,7252882
986494,7292900,7292898
986733,7292559,7292567
986791,7292471,7292477
986793,7292455,7292453
986852,7994889,4658225
986932,7846753,7846758
986935,2443315,2916754
986936,106703,5057590
986972,8135271,3753495
987066,7698610,3625088
987100,2618325,3582358
987183,2376719,5200202
987192,6604323,6459981
987230,316149,5652749
987237,8820586,8820585
987309,1754073,7989230
987486,7726546,7726548
987502,7291172,7291169
987567,2140480,5822617
987573,7291029,7291031
987671,7290763,7290756
987791,7290529,7290527
987809,7290503,7290505
987822,7290480,3456133
987823,7290476,7290474
987845,4195290,7290419
987914,7757130,7757135
987978,7802968,7802967
988119,1712017,2758322
988121,7289707,7289701
988122,7289667,2403891
988124,7674343,2444618
988142,7289620,7289626
988149,3836424,4845021
988169,2968852,524562
988211,4404160,7289438
988269,5397002,7736315
988294,480451,2502133
988306,4846144,7289326
988416,7289144,7289139
988504,7390125,7288724
988512,7288654,7288653
988540,7288501,173854
988636,7288128,7288125
988653,7417848,2669674
988710,2965214,7287998
988742,7901721,4857601
988743,7574339,7574335
988745,1633122,7015582
988787,7287675,7287676
988911,1551144,4568245
988915,7287224,7287223
988954,8709548,4121403
988960,8335862,6790807
988988,2768225,2768226
989042,4925939,7838129
989099,1971294,472529
989108,7777611,7777602
989213,7286488,6107195
989396,7286309,5481739
989530,7285996,7285997
989543,7958481,7958483
989573,4833790,7285885
989647,7872202,7872199
989676,7285739,7285745
989831,3582378,2317817
989855,7726175,7726171
989866,7750484,7750476
989870,5700235,6742459
989894,5399301,4035576
989912,7844972,3939720
989963,1023620,3875127
989994,1103475,4127926
990010,7856463,7856457
990026,7285104,7285105
990093,7284998,4331073
990176,7284875,2256980
990197,7837162,7837168
990223,4577802,4577806
990307,7284566,7284572
990345,7284503,7284501
990375,7284446,7284449
990459,1825524,7262193
990481,132123,6868064
990526,3258319,7284092
990649,7283915,7283914
990763,7283747,7283749
990784,7878871,7878874
990841,7283562,7283561
990852,7283551,7283556
990995,7283340,6274019
991032,674894,5141432
991044,1043340,3652961
991064,7838344,2543312
991079,2261478,7282992
991111,6826750,7282885
991138,7748430,7748432
991171,2669521,7282851
991207,2651277,2651275
991240,6054824,7218531
991324,1250671,8711504
991342,4197410,4196277
991364,7282344,7282339
991383,7914697,7914695
991419,3213755,3213759
991471,7282193,7282201
991590,6120890,4893221
991598,115601,3671383
991662,6753881,8658588
991685,7281799,7281805
991748,7281649,1642751
991761,2062006,2817637
991762,380430,1657961
991782,1139963,7281539
991832,271922,5406095
991854,7281325,2483767
991894,7797469,7797464
991938,7937891,7937888
992120,8163242,8163237
992184,7280641,3872048
992191,7280615,7280611
992193,3298972,7143760
992224,2637971,8670792
992257,7280364,7280367
992340,8062538,8062542
992363,8687552,5819235
992365,6898474,7280063
992367,7280042,8026973
992383,3041918,7279916
992433,7279745,7279737
992531,4938614,5963953
992535,2863194,3166825
992559,7907936,7279483
992605,5445677,7279377
992652,7054781,6981070
992659,7279285,7279288
992660,2804263,7279283
992729,7557429,8348034
992757,4413184,2448800
992802,7279023,1450991
992839,3807529,5207349
992840,4128865,4090549
992869,3413464,7422558
992946,7278583,7278581
992949,7278557,7278554
992950,8706271,8706268
993041,4363242,2157845
993107,4584821,3220644
993153,156463,2970085
993174,8789057,7592869
993178,7277958,6914218
993234,818784,4113434
993255,7277771,7277770
993320,8164826,8551475
993492,7730676,3318813
993501,7972250,7972252
993544,7959316,5084968
993606,7864405,7277219
993627,8027337,7143760
993651,4061277,4316093
993748,7766436,7276806
993795,2615907,2643252
993821,7276700,7241076
993834,7276680,1619676
993876,2480152,920903
993883,3580823,3580824
993987,7276263,5942886
993996,84554,5006215
994005,7276240,4960599
994012,7276143,2698551
994070,6268869,6150641
994085,7275852,2387468
994087,469439,469442
994112,1830248,8391255
994133,7275685,7275693
994228,7275544,7275545
994311,2192254,304481
994338,6968695,2706315
994397,6326289,7275264
994449,1151105,2857034
994478,6973824,7105307
994479,5917719,2795834
994533,5043341,8130141
994582,2820497,3290276
994688,7116588,5004937
994792,7134635,7134637
994830,4464669,4464666
994867,7274573,1114977
994918,4435593,8240113
994941,3488670,3488662
994947,7274427,7274431
995029,7911425,7911429
995125,2366204,7369297
995141,2057490,2326809
995176,857863,3031585
995212,7898766,1704460
995221,7274100,7274101
995280,2825509,2633583
995380,3219376,5578062
995443,8265712,4544489
995526,3148447,7926561
995576,7900522,7723072
995595,825577,8743939
995598,7273544,7273542
995756,6764340,2197529
995789,3331372,1096458
995805,7273173,8570288
995806,7273162,7273160
995825,7845838,5887438
996011,5521769,567733
996042,7945164,7945161
996054,4371118,8835992
996119,6912795,6593946
996181,7272355,2797814
996272,7272165,7272164
996317,4915976,276575
996328,7272114,173170
996414,7272000,7271999
996623,2651990,2651989
996634,8190502,2926679
996653,1847172,7858507
996805,7072794,7898768
996825,5832608,5401839
996835,7271081,7271080
996922,1987753,2375359
997017,7270789,3167909
997044,7270782,4803887
997086,2338100,3066201
997122,7270553,3920117
997227,1197120,6386231
997351,7270253,1274445
997449,1728192,5902241
997481,75552,6113035
997533,7558191,2716994
997542,7269885,5820481
997648,471973,7976842
997649,7269677,7269672
997713,7269571,7269572
997744,7269448,7269446
997808,7269228,121324
997860,5652105,7269017
997872,2070793,2070789
997878,7268978,1979964
997913,7268932,7268935
997935,7268866,7268865
998013,7268746,7119893
998062,104420,5804184
998093,4364330,4364325
998101,5778909,631639
998174,8141371,8141375
998192,7268366,7268362
998246,7268311,3780038
998247,2218350,545709
998248,2915654,3523533
998309,7268199,7268206
998381,7826249,7826254
998417,5185913,3783998
998482,5786006,7194735
998485,7268022,7268026
998493,7267945,7267939
998569,7267839,7267834
998591,7267822,4798868
998609,7267721,7267715
998641,7267615,7267618
998646,7267602,7267606
998658,7267561,7267554
998675,7267532,3596673
998680,7267491,7267493
998681,450656,450654
998735,5081578,7267299
998802,6191244,4228161
998834,7776305,3767736
998891,7266962,7266960
998903,2403704,2403706
998905,2048955,7266806
998941,707164,7726930
998965,7266627,6126603
999028,5835701,3386531
999086,7843895,2893925
999089,7266173,7266164
999110,1201952,4149423
999192,3646337,329407
999261,3368477,3368474
999356,7265662,7265660
999385,3724146,7265586
999391,7265560,7265562
999416,7265547,7265539
999439,7265471,7265473
999469,7265345,7265351
999481,7682408,5703862
999517,1349213,2757812
999518,4567172,4567167
999550,2896900,8588521
999552,7265152,2739969
999555,7804966,371412
999567,7265116,7265112
999610,746161,6833929
999637,7827595,8290551
999641,7397543,1858811
999685,2416494,2416486
999691,7264911,7264912
999756,7264771,7264763
999791,3473841,7264701
999836,7264569,7953984
999897,2174069,5051221
999921,7002364,7264438
999942,7264374,8522686
1000000,993544,7577673
1000004,430793,4537045
1000006,1178940,1859816
1000017,7264236,7264240
1000030,4472472,7539532
1000083,7264152,9570
1000097,7844851,7844847
1000170,4130309,7389735
1000232,7263959,4093317
1000272,2170991,5347407
1000319,7263680,1340067
1000459,7263360,2648045
1000472,3175711,3858609
1000509,7936830,7936833
1000519,7263156,7263152
1000574,7262862,7262863
1000585,7262840,7262842
1000619,8661541,2731808
1000678,8668801,4011359
1000681,3645376,146817
1000798,7262349,7262346
1000864,7262314,7262315
1000906,5839796,8794965
1000951,7926668,7926672
1000959,2531937,2620810
1001108,921404,6657291
1001279,4111498,2115208
1001381,4410063,7871301
1001397,7261903,592324
1001454,7261844,5911791
1001810,8491632,3445670
1001903,6576702,3734037
1001926,4886437,3982517
1001981,7966534,7966533
1001999,2180546,2180545
1002058,7261053,7868238
1002145,4816321,6234661
1002148,7260887,7260883
1002197,1963534,7243406
1002238,7260665,7260660
1002252,2587439,5458189
1002274,7260602,7260607
1002330,2325278,3535748
1002426,2332966,2332756
1002482,7260196,7260200
1002554,7653964,7259883
1002584,2554473,2714516
1002585,4950780,8582421
1002596,7259782,7259788
1002716,998793,7259296
1002737,7259265,7259260
1002887,4411111,3831522
1002889,5420600,6838152
1002938,7258856,7258855
1002940,8120391,2990720
1002997,7258750,2272713
1003003,7258713,4861324
1003006,8735264,8735262
1003015,7258675,7258668
1003114,2056895,7753905
1003210,2140392,5269075
1003213,8221646,1388606
1003239,7258075,6637075
1003277,7257991,5969350
1003299,7804511,7804516
1003319,1882149,1551112
1003329,7610716,7757092
1003334,7794467,7794464
1003351,332505,332501
1003359,5574888,7257724
1003445,7721661,7721660
1003481,7257383,5967370
1003482,1320890,411725
1003507,7257315,5210178
1003557,5911712,666222
1003561,7721446,7721455
1003590,7257143,7257147
1003603,412028,7257114
1003695,7256942,7256934
1003831,2392800,7256738
1003849,7236526,8397292
1003875,7825374,2183064
1003880,7754894,379924
1003884,7452685,4979393
1003973,6307631,3615952
1003997,7939486,7939487
1004167,7256225,7256223
1004191,7256144,7256151
1004199,7762537,3451956
1004228,911443,3961077
1004233,7256070,1963704
1004240,7256015,3156263
1004243,7255969,5323278
1004254,7255873,2553772
1004322,5891557,3066277
1004493,4143257,4143258
1004921,2904943,2219082
1004940,7759522,421056
1004949,7256206,7255226
1005113,8285339,3831683
1005131,7255028,7255024
1005163,7279834,2817302
1005191,4044934,921169
1005475,6491549,2701909
1005476,5881981,1462493
1005500,3280634,413818
1005520,5344777,283800
1005586,7254476,7254481
1005653,7254370,7254375
1005678,4649617,4868038
1005798,7254175,7254173
1005949,2490860,7253938
1006000,3422398,4501082
1006199,4299108,3317927
1006459,2297909,8685009
1006489,2682054,4422760
1006509,7253091,3932627
1006578,7932245,7253022
1006580,2603107,7252990
1006751,4643717,7252703
1006791,7252662,7252665
1006852,3070033,7252536
1006911,1255940,1255938
1006987,2070391,2070390
1007242,7287473,1396705
1007382,7251897,7251890
1007550,5752772,6387173
1007606,4337842,7726090
1007628,3582639,8622316
1007673,2299573,7251315
1007691,7251254,7251259
1007696,7251215,7251219
1007875,6666882,2806379
1007934,7251003,7251004
1007959,7250991,7250992
1007972,6419353,3774398
1008208,7250836,8795207
1008515,7250309,1156882
1008516,7091981,2202259
1008830,3527952,8030113
1008911,7249792,7249797
1008947,7544940,6907605
1008951,2289890,4020179
1008968,453886,7249622
1008977,5348199,5454802
1008979,228498,6542591
1009023,7249334,7249329
1009109,7764421,7764425
1009183,8267013,2501722
1009237,5939238,1219744
1009388,7187514,3403528
1009527,8723125,5314285
1009610,6368388,1083817
1009668,4981659,4981661
1009695,978523,7248368
1009724,5908757,148666
1009742,327616,883871
1009749,4562713,2074377
1009959,8084195,4357090
1009961,7248027,7248022
1009994,926349,8170549
1010048,7247851,5230785
1010057,7247844,8186534
1010059,7512053,2781411
1010151,7247655,7247653
1010173,7247598,7247599
1010277,8012680,2614085
1010287,7247530,7247537
1010524,7247204,7247211
1010527,3725338,5109241
1010537,5475995,5475986
1010607,6478721,3768546
1010615,1822441,3788205
1010670,4217505,2675268
1011003,7876312,7876309
1011018,2096462,7246722
1011021,1462914,4474692
1011044,550133,3859045
1011120,7246430,7246427
1011140,1023383,2278942
1011166,1919078,5182541
1011328,7245812,7243681
1011381,7245715,7245716
1011382,1336334,1336341
1011512,3991580,2536742
1011529,3030730,1572867
1011618,7245336,4898590
1011663,3546767,4099269
1011721,3440062,363742
1011811,6952797,4187272
1011860,1848303,7342339
1012026,1881921,2470012
1012328,7244030,7247621
1012329,2381144,5080683
1012464,7243601,3316757
1012547,8182913,7243489
1012780,375969,7243114
1012865,5233501,7242970
1012866,7424727,6847390
1013114,7866335,584958
1013229,844821,2768982
1013267,7242343,7242334
1013304,7242268,7930416
1013367,3489254,1350606
1013424,4272697,2157259
1013492,7242060,1648941
1013570,7241956,605524
1013579,8408768,5936828
1013592,7241908,7241912
1013615,7241874,6903041
1013797,375428,4336962
1013965,1839,1719374
1014115,3338293,7028670
1014132,6043246,5967671
1014210,8010164,8049074
1014242,1610372,7989955
1014264,7241145,7241147
1014884,7240642,4083422
1014911,1731017,829168
1015055,4142117,7960047
1015307,1944323,4135203
1015347,5979682,3774537
1015556,2492902,3955038
1015641,2426902,7240027
1015766,8158376,7970694
1016013,960775,960776
1016015,6431770,185941
1016154,7239631,7239634
1016254,5345890,3535152
1016406,231585,6057357
1016460,7239321,7239319
1016547,4607889,4607887
1016565,7239177,4783317
1016583,7239134,7239136
1016676,7238816,7238811
1016703,7935830,7935834
1016790,1130053,5058274
1016879,7238541,6828891
1016915,7238462,5803747
1016943,3360402,2955466
1017204,7237990,7237997
1017276,7237952,7237951
1017348,7834513,4948255
1017476,1337203,7237629
1017498,672554,8230810
1017524,7237598,1459464
1017529,7237575,6867724
1017537,3874342,6956850
1017605,7083609,7237414
1017692,6805108,406810
1017706,7237287,7237285
1017734,313677,6936547
1017773,6452553,6452554
1017775,6581296,3838733
1017830,1964934,5847520
1017892,4707361,4707367
1017952,7237161,5434233
1017971,7237119,1746014
1018032,1992586,1992587
1018056,4704517,7236861
1018525,8199179,6487162
1018658,2704608,7206110
1018807,6152201,8771537
1018918,1417939,8298982
1019179,5005528,3745628
1019200,2449453,5290763
1019356,7778317,7778316
1019405,1926651,8476220
1019414,7234957,7234958
1019433,7913674,7903908
1019470,7726580,7726584
1019602,6123291,1779157
1019705,7234515,3143597
1019724,3199263,7234412
1019787,7234243,6367943
1019830,7822072,4597508
1020198,7233490,7233495
1020244,260643,1987197
1020376,7233140,7233135
1020710,735690,5410849
1020724,7232720,7232728
1020907,7246139,4585316
1020915,1035675,8544446
1021053,7232243,7165356
1021065,5089215,1300235
1021170,7852961,6218608
1021241,1141931,1141927
1021277,383698,6684933
1021318,4573979,4573982
1021324,5201273,7520778
1021327,7913018,7231860
1021446,8623086,6478336
1021532,957202,5922760
1021554,3718742,3219611
1021605,7231425,2952002
1021639,8700387,889764
1021679,1250367,1158725
1021682,4958329,7231345
1021695,7231324,7231322
1021797,7901050,7231200
1021900,4259281,736878
1021907,5384651,3089297
1021931,7230884,7230876
1021971,7336237,8426855
1022022,3672136,4391109
1022124,7549006,6266599
1022132,3595255,3893901
1022178,5327976,5947777
1022359,8215722,2998868
1022370,7230096,7230093
1022410,7230052,7230049
1022442,89418,7620900
1022577,7105303,4975842
1022620,2897951,4804467
1022621,6714284,8145880
1022630,561702,3636815
1022712,2140912,3973230
1022735,7229581,5931761
1022769,2045221,6268406
1022782,7229467,4647683
1022832,3473630,3609924
1022907,2390106,2973320
1022911,5581693,5581692
1023025,3456477,7228990
1023363,7819883,23620
1023782,6976071,4611505
1023838,8005225,4626570
1023850,3780805,2459512
1024034,5166779,3386877
1024069,2620882,8348766
1024166,7227711,7227704
1024176,7866591,7866585
1024221,132891,7605885
1024288,8808261,7227537
1024300,7227480,5938520
1024305,7227444,7227453
1024528,8433110,6126182
1024591,4939073,8590283
1024592,7226964,6033334
1024667,4726371,2368135
1024669,2831296,2953794
1024672,7226776,7252240
1024727,6044204,207847
1024835,7226565,7226567
1024893,8511610,1905158
1024904,7220333,5879371
1024950,971028,7904302
1025188,7342696,7342694
1025259,7225894,7225900
1025270,6667139,2337250
1025290,2454557,918937
1025348,3239210,2753019
1025483,4050793,5899551
1025624,7225389,688546
1025714,7786571,7786566
1025801,6696403,7225139
1025895,7968430,2445017
1025991,7224789,7325926
1026098,5154131,8425744
1026148,5477476,6527039
1026372,7818005,7818008
1026711,7861046,7861043
1026768,8633071,6832036
1026775,7223860,7223859
1026799,6007190,4578384
1026991,8801131,7223325
1027178,7223176,5193769
1027209,2422076,2422075
1027373,7222999,7874830
1027650,7222752,7222751
1027669,2641014,7898958
1027785,4951232,8758003
1027812,527980,5350357
1027817,7222522,7222518
1027865,2507377,7971226
1027919,7222347,7222350
1028098,3118200,5530676
1028131,2993774,5337646
1028538,7221665,7221663
1028555,7846140,7846141
1028598,7221543,7221545
1028608,5396613,847931
1028652,8773429,2558388
1028670,8833477,2893540
1028711,7221251,8152083
1028742,8233458,3334936
1028753,7221025,4795429
1028755,240387,7220999
1028796,2482158,6592111
1029003,7220310,7220311
1029016,5267496,7788229
1029030,3540835,3466918
1029031,8790004,3526259
1029058,3005088,3005086
1029124,2094268,4754301
1029181,7219805,7219809
1029402,7219341,7219340
1029492,7219255,7219252
1029544,7219508,8581532
1029552,8764319,2944749
1029617,4583145,7218988
1029681,7907018,5329288
1029694,7969621,7969619
1029772,7218572,7218576
1029791,2498275,4712508
1029908,7218375,7218379
1029909,7218368,7218367
1030176,7218058,7218065
1030215,7218002,5591068
1030230,4819475,7841489
1030271,8407114,3783953
1030324,7217871,7217873
1030378,7217826,7217828
1030381,7217798,6168760
1030388,7217736,7217735
1030446,5308932,6940185
1030451,3190827,7217522
1030617,7820996,7821000
1030623,7217128,7217133
1030722,7216923,7615006
1030823,7216764,8720538
1030924,1260690,7928840
1031032,1723795,6070826
1031033,7216300,7183286
1031047,7216281,8030856
1031054,7216256,7216250
1031118,7899691,7899686
1031240,2786794,2806510
1031456,7827973,1801624
1031679,7215418,7215423
1031682,7215392,8803078
1031684,5942485,5942484
1031861,7215055,3802049
1031909,5073826,7214926
1031976,2309546,8517332
1031999,7854858,7854860
1032011,4191204,4191199
1032019,7214857,7214862
1032156,8427194,78440
1032182,7214587,6908173
1032198,7214524,7214517
1032281,7674264,2142958
1032341,7214213,2964140
1032758,7213587,3611440
1032822,7213487,7213485
1033007,7213200,7213206
1033092,7213082,7213081
1033205,7212843,7212840
1033250,3056218,8477305
1033296,7212633,7212637
1033398,7212543,8835024
1033443,7212496,7796117
1033580,2661262,3777442
1033652,7212311,7212314
1033703,2439112,2439113
1033718,3674276,3674280
1033725,7212182,4363862
1033759,4350882,7539044
1033912,5349242,2535577
1033927,7211854,7211853
1033962,730341,8835671
1034039,7211613,4052771
1034050,7211510,7211507
1034136,7211406,1567370
1034172,7213167,4345509
1034204,2194932,7211182
1034409,2917739,7055864
1034666,7210633,4225378
1034680,7210546,7210550
1034761,8280534,2994349
1034845,7186513,7210090
1035006,7209934,6018804
1035078,1993434,7209821
1035228,7588323,600559
1035247,3496809,1286941
1035321,7209410,7209407
1035367,6205100,8188174
1035379,3226197,2462943
1035383,7209267,7209273
1035410,6205340,2829164
1035719,3626966,8042198
1035805,7208493,5021703
1035861,7968460,7968462
1035874,7208366,6788685
1035931,1353909,4747436
1036002,7720730,7720726
1036005,365168,5576079
1036244,8038582,8038583
1036380,3403508,3403503
1036385,7207569,3568403
1036542,3546682,5274597
1036627,7207097,6665615
1036656,5351696,7207006
1036675,7735638,7735639
1036782,551865,4096265
1036784,381326,7206717
1036800,4504414,4504415
1036999,7948267,4764138
1037033,4845080,1838791
1037104,4829281,8774274
1037116,7897429,449181
1037188,6155422,6155424
1037250,1072442,5037041
1037302,2113254,313881
1037341,5221827,5963066
1037373,7205909,7205915
1037407,5202253,3876501
1037662,6339827,7390867
1037686,1759767,7948019
1037689,4921548,2425044
1037722,7205408,7205412
1037781,7874279,7874273
1037817,7205200,7205197
1037826,7798058,7523711
1037872,1523801,447528
1037881,7935579,7935575
1038161,7204742,7204734
1038184,7204654,7204653
1038527,7204208,6560743
1038592,4032662,5824285
1038678,8462923,2409148
1038685,7838567,7838573
1038719,1866885,1866886
1038724,7203840,1308238
1038755,4228690,3203647
1038830,937440,8129320
1038849,3856816,7651703
1038871,5495934,5618695
1038879,7203623,7203621
1039002,4193418,7472389
1039052,6411944,1420740
1039195,7767103,7767101
1039298,7203085,7129385
1039346,7842370,7842369
1039361,8800326,6710224
1039495,4356507,7856346
1039521,7202782,1505247
1039586,7721048,7721050
1039728,2779761,2529322
1039746,528734,2604180
1040022,7793249,7793247
1040030,7202097,7202100
1040038,7202004,7202002
1040064,7201894,2493651
1040082,7229770,6176926
1040088,7201739,5410126
1040099,7201612,7201611
1040238,5053037,7723022
1040312,7201905,4261303
1040353,3709314,7974486
1040409,7200948,4641785
1040461,7864218,7864217
1040507,5978186,2070442
1040532,2167327,7580862
1040684,530033,221570
1040694,3002502,1799349
1040703,8758275,8758274
1040793,2591123,7787020
1040848,7200304,4046108
1040959,7200217,387609
1041043,4992322,4992323
1041050,7952240,7952243
1041146,664806,8605497
1041159,4438086,1696231
1041226,7199841,7199842
1041473,7724398,43616
1041520,7119835,6687072
1041703,8562030,2710921
1041714,7932343,6430482
1041753,7836014,3686609
1041924,7199086,7199090
1041948,7198959,7198956
1041951,7327936,7198928
1042099,7198812,7044680
1042158,7198653,3807524
1042364,7198175,7198179
1042426,6217932,2681564
1042488,2330489,7920033
1042507,7198085,7198086
1042626,7197935,7197938
1042676,7893018,7893016
1042752,3933737,6298096
1042800,7197730,1289772
1042978,6993319,7197549
1043064,7197432,7197436
1043337,4940915,7964273
1043413,4196321,5432751
1043545,7197030,7197031
1043568,6271703,6855814
1043587,772493,7872003
1043658,202595,8167828
1043702,7822256,81593
1043815,5462734,7108493
1043914,1877032,3733767
1043955,2433422,3600513
1043969,3249580,2352778
1043995,8123830,5919514
1044041,7828620,7828623
1044244,7195770,6521949
1044249,2685420,970325
1044755,7524042,1804178
1044809,7815034,200129
1045071,6203070,7194679
1045072,2247057,2658193
1045135,7194540,7194534
1045203,5235392,2012805
1045208,15051,2643959
1045227,7194251,4664646
1045229,3924981,1481619
1045347,832318,8372120
1045374,7193888,3060973
1045494,62368,1751639
1045527,7193472,7193471
1045540,2854911,6733458
1045554,2907916,2188160
1045567,7193375,7193374
1045709,4023884,5589567
1045717,7193044,7193042
1045826,7192874,7192872
1045853,7192790,7192794
1045855,7192775,7192781
1046042,7192456,6669931
1046047,7192443,7192441
1046093,7192375,6128111
1046161,7192236,7192242
1046384,8112107,4468133
1046387,4355668,4355672
1046463,7191628,7191633
1046475,7191554,4569644
1046520,5314253,6316212
1046567,8725499,7191479
1046569,7191442,7191448
1046648,7779923,1808714
1046736,3859911,5522967
1046750,4259499,3490907
1046931,7190584,7190590
1046952,7939119,7768276
1046969,7190550,7190556
1047010,8347155,654791
1047012,5842392,5357942
1047088,7913269,3724874
1047138,7190276,1523530
1047152,7999882,1313953
1047160,8480372,8480375
1047162,7190160,7190153
1047269,3283141,7733764
1047365,7189803,7189799
1047386,7189769,7448883
1047548,1017083,7140015
1047556,2482791,4919708
1047592,2502562,7927455
1047599,771901,7189351
1047625,7721285,5506355
1047629,4946244,6086030
1047642,7186513,2737045
1047662,7189195,7189197
1047700,220910,3116672
1047702,5501663,4399055
1047708,2613521,3199895
1047738,5350075,8035256
1047794,1699243,5339875
1047833,7341614,6234252
1047843,1763625,3722058
1047854,7188576,1212884
1047913,7188496,7211320
1047917,3943575,8542834
1047987,4829810,4829804
1048185,7188025,7188026
1048281,6203882,3143726
1048282,7187828,7187823
1048303,7591986,5674844
1048359,7479453,7187663
1048361,213261,6918332
1048363,7251650,7251652
1048377,2816046,2900272
1048381,7304680,3552070
1048565,2602415,4231775
1055921,8051600,3399581
1063607,8252391,5522739
1080229,7721015,7721014
1080968,7919016,5318463
1081321,115950,7331570
1082377,5380659,1161001
1082701,7143616,7143617
1083293,7138847,7138842
1083642,7599150,1274587
1083686,3540293,6490010
1083704,5749648,439965
1083839,7133806,5290467
1083926,7549365,6548126
1083952,7132769,7132767
1083997,1859627,3835358
1084905,787083,6895968
1085035,2629412,7764445
1085697,7116917,6856672
1085888,2768136,8203741
1086391,7110551,8000441
1086477,2470111,7109836
1086933,7713664,7464236
1087001,7105667,7105662
1087532,1935388,1935392
1087589,5054259,5008789
1087735,7099446,7099448
1087915,1958005,7056891
1088043,4603464,7096464
1088153,7095568,7095567
1088347,2990770,8408038
1088947,7089660,7089651
1089670,4175135,1829069
1090291,8008625,8008619
1090311,7142078,1767853
1090358,8002676,8002678
1090377,5692669,8001367
1090399,6377050,6377048
1090413,694131,5608043
1090537,8473491,4053839
1090550,7988404,7988401
1090558,438262,266798
1090596,3909631,3909635
1090727,7973241,1252636
1090730,7972954,7972948
1090789,2861882,3176274
1090796,7968813,7968815
1090887,7961550,7961553
1090915,7959424,7557232
1091080,7944740,1552962
1091082,1508515,2217208
1091158,1640435,1750321
1091189,7935081,7935074
1091206,7933343,7933349
1091269,7927825,7927819
1091384,4907573,4907568
1091461,7912929,7912924
1091633,595516,751460
1091692,1649601,7893603
1091706,3196499,1273878
1091850,996100,6269046
1091973,7870707,7870701
1092029,7865607,3283254
1092422,7831377,7831375
1092441,7829562,1902752
1092450,7179878,7105252
1092517,7823623,5594130
1094395,708165,8490916
1097885,598673,2325498
1097939,7378227,7426957
1098806,3363335,3363334
1099077,7288782,2897678
1099105,2172595,5546071
1099495,7123700,8201713
1099726,398380,8256202
1099746,1645112,1645111
1099803,7223384,7223377
1099823,7221126,820770
1099831,1732808,7220185
1101531,7787994,4026596
